{
    "accuracy": 0.9117018026275588,
    "f1_scores": {
        "0": 0.9228989976869699,
        "1": 0.879900435594275,
        "2": 0.9176954732510288,
        "3": 0.9267192784667418
    },
    "confusion_matrix": [
        [
            1197,
            102,
            49,
            21
        ],
        [
            22,
            707,
            16,
            24
        ],
        [
            6,
            29,
            669,
            17
        ],
        [
            0,
            0,
            3,
            411
        ]
    ]
}